algorithm,best,average,worst,std_dev,feasible_runs,n_runs,avg_runtime_s
Greedy,3.635897,3.635897,3.635897,0.000000,10,10,0.0004
Simulated Annealing,2.725679,2.842286,2.959583,0.081401,10,10,7.1364
Genetic Algorithm,3.025929,3.122811,3.247208,0.078602,10,10,36.7349
Memetic Algorithm,2.859966,2.953717,3.055713,0.060049,10,10,10.5322
ACO,2.916101,2.931475,2.965772,0.015438,10,10,52.8746
