experiment,budget,instance,k,heuristic,algorithm,best,avg,std,feasible_runs,n_runs,avg_runtime_s,best_energy_kwh,avg_energy_kwh,avg_time_h,avg_charge_usd
candlist,30000,sf_300,0,,ACO (k=0),4.429594,4.696056,0.158086,5,5,48.0566,113.8695,121.6820,16.2918,20.5887
candlist,30000,sf_300,15,,ACO (k=15),4.525005,4.650351,0.093286,5,5,88.1185,115.9415,121.3452,16.2629,19.7450
candlist,30000,sf_300,25,,ACO (k=25),4.517519,4.669502,0.092841,5,5,75.6421,115.5912,118.7792,16.0912,21.6935
candlist,30000,sf_500,0,,ACO (k=0),5.568351,5.717699,0.140217,5,5,91.1935,146.1882,141.0593,21.0956,23.1464
candlist,30000,sf_500,15,,ACO (k=15),5.562911,5.672114,0.095072,5,5,89.8765,136.9350,137.3051,20.9403,23.1265
candlist,30000,sf_500,25,,ACO (k=25),5.583298,5.772999,0.145215,5,5,90.9524,133.8169,141.2745,20.9692,24.4345
