experiment,budget,instance,k,heuristic,algorithm,best,avg,std,feasible_runs,n_runs,avg_runtime_s,best_energy_kwh,avg_energy_kwh,avg_time_h,avg_charge_usd
hybrid,30000,sf_75,,,Simulated Annealing,2.752052,2.900620,0.086800,10,10,1.6514,83.8864,90.2536,9.1630,10.9665
hybrid,30000,sf_75,,,ACO,2.720425,2.735888,0.013874,10,10,11.2821,86.6967,86.9789,8.2992,11.8428
hybrid,30000,sf_75,,,Hybrid ACO+SA,2.748761,2.778310,0.024998,10,10,3.6443,87.3448,88.2264,8.3393,12.5729
hybrid,150000,sf_75,,,Simulated Annealing,2.504404,2.561064,0.035614,10,10,8.2168,77.7045,80.1236,8.1241,9.4003
hybrid,150000,sf_75,,,ACO,2.666794,2.710493,0.034028,10,10,56.1326,83.5733,85.5772,8.2790,11.5181
hybrid,150000,sf_75,,,Hybrid ACO+SA,2.467973,2.708576,0.085651,10,10,17.7053,77.8598,86.0428,8.2760,11.4288
