algorithm,best,average,worst,std_dev,feasible_runs,n_runs,avg_runtime_s
Greedy,3.603747,3.603747,3.603747,0.000000,10,10,0.0004
Simulated Annealing,2.450662,2.544336,2.655508,0.058558,10,10,7.3461
Genetic Algorithm,2.698632,2.885286,3.158409,0.140399,10,10,54.4334
Memetic Algorithm,2.626165,2.731654,2.813607,0.059134,10,10,10.8614
ACO,2.710445,2.779579,2.802462,0.027120,10,10,52.8784
