algorithm,best,avg,std,gap_best_pct,gap_avg_pct,feasible_runs,n_runs,avg_runtime_s,f_star
Greedy,2567.917942,2567.917942,0.000000,159730.3738,159730.3738,0,1,0.0005,1.606652
Simulated Annealing,1.606652,1.608544,0.005984,0.0000,0.1178,10,10,2.0755,1.606652
Genetic Algorithm,1.744359,1.773400,0.024498,8.5711,10.3786,10,10,6.8464,1.606652
Memetic Algorithm,1.606652,1.632788,0.026288,0.0000,1.6268,10,10,2.6224,1.606652
ACO,1.906470,1.906470,0.000000,18.6610,18.6610,10,10,11.2914,1.606652
