n_tasks,n_servers,population,mu,generations,avg_cost,std,greedy_cost,improvement_pct,feasible_runs,n_runs,avg_runtime_s
200,40,100,50,1500,0.733066,0.000000,0.733066,0.0000,3,3,3.9033
200,40,200,100,750,0.720440,0.001395,0.733066,1.7223,3,3,3.9527
200,40,400,200,375,0.710752,0.001553,0.733066,3.0438,2,3,3.9496
500,100,100,50,1500,0.695184,0.000000,0.695184,0.0000,3,3,9.7637
500,100,500,250,300,0.695184,0.000000,0.695184,0.0000,3,3,9.1568
500,100,1000,500,150,0.695184,0.000000,0.695184,0.0000,3,3,9.8525
