algorithm,best_cost,avg_cost,gap_best_pct,gap_avg_pct,avg_runtime_s,feasible_runs,n_runs,bks
Greedy,3.596902,3.596902,43.6231,43.6231,0.0004,10,10,2.504404
Simulated Annealing,2.504404,2.561064,0.0000,2.2624,7.1654,10,10,2.504404
Genetic Algorithm,2.821789,3.046408,12.6731,21.6420,39.5894,10,10,2.504404
Memetic Algorithm,2.577335,2.720144,2.9121,8.6144,11.1963,10,10,2.504404
ACO,2.666794,2.710493,6.4842,8.2291,54.2286,10,10,2.504404
