algorithm,best,average,worst,std_dev,feasible_runs,n_runs,avg_runtime_s
Greedy,3.596902,3.596902,3.596902,0.000000,10,10,0.0004
Simulated Annealing,2.504404,2.561064,2.613212,0.035614,10,10,7.1654
Genetic Algorithm,2.821789,3.046408,3.281579,0.159300,10,10,39.5894
Memetic Algorithm,2.577335,2.720144,2.787016,0.062416,10,10,11.1963
ACO,2.666794,2.710493,2.752425,0.034028,10,10,54.2286
