param,value,best,average,worst,std_dev,feasible
population_size,20,1.8183388102155096,1.8209762131018266,1.824282706326696,0.002843436326383033,5
population_size,50,1.8186452893336447,1.8203023056044092,1.8217302391367918,0.001339418817194318,5
population_size,100,1.813285652095098,1.8161613371098895,1.8200875869050417,0.00280202368050117,5
crossover_prob,0.6,1.813926488025614,1.8165050815349275,1.8199452070420281,0.003121956221002581,5
crossover_prob,0.7,1.812336204595515,1.8171718548995681,1.8239470981373274,0.004509363208978865,5
crossover_prob,0.8,1.813285652095098,1.8161613371098895,1.8200875869050417,0.00280202368050117,5
crossover_prob,0.9,1.8123929293168324,1.8178223887476377,1.822052312996135,0.0035999498307493177,5
crossover_prob,1.0,1.8158330560021678,1.8166073640112999,1.8175798947913528,0.0007150167559806566,5
